12,coba upload,1/8/2021,dicoba lagi
12,coba upload,1/9/2021,dicoba lagi
12,coba upload,1/10/2021,dicoba lagi
12,coba upload,1/11/2021,dicoba lagi
12,coba upload,1/12/2021,dicoba lagi
12,coba upload,1/13/2021,dicoba lagi
12,coba upload,1/14/2021,dicoba lagi
12,coba upload,1/15/2021,dicoba lagi
12,coba upload,1/16/2021,dicoba lagi
12,coba upload,1/17/2021,dicoba lagi
12,coba upload,1/18/2021,dicoba lagi
12,coba upload,1/19/2021,dicoba lagi
,,,
,,,
,,,
,,,
,,,
,,,
,,,
,,,
,,,
,,,
,,,
,,,
,,,
,,,
,,,
,,,
,,,
